Number,CLDR,Emoji,Name,Dict - Meaning,Dict - Where Does It Come From?,Dict - Who Uses It?,Image,Url
1,pile-of-poo-emoji,üí©, Pile of Poo emoji,,,,https://s.w.org/images/core/emoji/13.0.1/svg/1f4a9.svg,https://www.dictionary.com/e/emoji/pile-of-poo-emoji/
2,sunflower-emoji,üåª, Sunflower emoji,,,,https://s.w.org/images/core/emoji/13.0.1/svg/1f33b.svg,https://www.dictionary.com/e/emoji/sunflower-emoji/
3,ophiuchus-emoji,‚õé, Ophiuchus Emoji,,,,https://s.w.org/images/core/emoji/13.0.1/svg/26ce.svg,https://www.dictionary.com/e/emoji/ophiuchus-emoji/
4,taurus-emoji,‚ôâ, Taurus Emoji,,,,https://s.w.org/images/core/emoji/13.0.1/svg/2649.svg,https://www.dictionary.com/e/emoji/taurus-emoji/
5,aries-emoji,‚ôà, Aries Emoji,,,,https://s.w.org/images/core/emoji/13.0.1/svg/2648.svg,https://www.dictionary.com/e/emoji/aries-emoji/
6,pisces-emoji,‚ôì, Pisces emoji,,,,https://s.w.org/images/core/emoji/13.0.1/svg/2653.svg,https://www.dictionary.com/e/emoji/pisces-emoji/
7,fish-emoji,üêü, Fish emoji,,,,https://s.w.org/images/core/emoji/13.0.1/svg/1f41f.svg,https://www.dictionary.com/e/emoji/fish-emoji/
8,heart-with-arrow-emoji,üíò, Heart With Arrow emoji,,,,https://s.w.org/images/core/emoji/13.0.1/svg/1f498.svg,https://www.dictionary.com/e/emoji/heart-with-arrow-emoji/
9,curling-stone-emoji,ü•å, Curling Stone emoji,,,,https://s.w.org/images/core/emoji/13.0.1/svg/1f94c.svg,https://www.dictionary.com/e/emoji/curling-stone-emoji/
10,tiger-face-emoji,üêØ, Tiger Face emoji,,,,https://s.w.org/images/core/emoji/13.0.1/svg/1f42f.svg,https://www.dictionary.com/e/emoji/tiger-face-emoji/
11,tiger-emoji,üêÖ, Tiger emoji,,,,https://s.w.org/images/core/emoji/13.0.1/svg/1f405.svg,https://www.dictionary.com/e/emoji/tiger-emoji/
12,aquarius-emoji,‚ôí, Aquarius emoji,,,,https://s.w.org/images/core/emoji/13.0.1/svg/2652.svg,https://www.dictionary.com/e/emoji/aquarius-emoji/
13,capricorn-emoji,‚ôë, Capricorn emoji,,,,https://s.w.org/images/core/emoji/13.0.1/svg/2651.svg,https://www.dictionary.com/e/emoji/capricorn-emoji/
14,mrs-claus,ü§∂, Mrs. Claus emoji,,,,https://s.w.org/images/core/emoji/13.0.1/svg/1f936.svg,https://www.dictionary.com/e/emoji/mrs-claus/
15,menorah-emoji,üïé, Menorah emoji,,,,https://s.w.org/images/core/emoji/13.0.1/svg/1f54e.svg,https://www.dictionary.com/e/emoji/menorah-emoji/
16,cookie-emoji,üç™, Cookie emoji,,,,https://s.w.org/images/core/emoji/13.0.1/svg/1f36a.svg,https://www.dictionary.com/e/emoji/cookie-emoji/
17,santa-claus-emoji,üéÖ, Santa Claus emoji,,,,https://s.w.org/images/core/emoji/13.0.1/svg/1f385.svg,https://www.dictionary.com/e/emoji/santa-claus-emoji/
18,diya-lamp-emoji,ü™î, Diya Lamp emoji,,,,https://s.w.org/images/core/emoji/13.0.1/svg/1fa94.svg,https://www.dictionary.com/e/emoji/diya-lamp-emoji/
19,spaghetti-emoji,üçù, Spaghetti emoji,,,,https://s.w.org/images/core/emoji/13.0.1/svg/1f35d.svg,https://www.dictionary.com/e/emoji/spaghetti-emoji/
20,scorpion-emoji,ü¶Ç, Scorpion emoji,,,,https://s.w.org/images/core/emoji/13.0.1/svg/1f982.svg,https://www.dictionary.com/e/emoji/scorpion-emoji/
21,scorpio-emoji,‚ôè,  Scorpio emoji,,,,https://s.w.org/images/core/emoji/13.0.1/svg/264f.svg,https://www.dictionary.com/e/emoji/scorpio-emoji/
22,red-flag-emoji,üö©, Red Flag emoji,,,,https://s.w.org/images/core/emoji/13.0.1/svg/1f6a9.svg,https://www.dictionary.com/e/emoji/red-flag-emoji/
23,flag-in-hole-emoji,‚õ≥, Flag in Hole emoji,,,,https://s.w.org/images/core/emoji/13.0.1/svg/26f3.svg,https://www.dictionary.com/e/emoji/flag-in-hole-emoji/
24,hot-beverage-emoji,‚òï, Hot Beverage emoji,,,,https://s.w.org/images/core/emoji/13.0.1/svg/2615.svg,https://www.dictionary.com/e/emoji/hot-beverage-emoji/
25,taco-emoji,üåÆ, Taco emoji,,,,https://s.w.org/images/core/emoji/13.0.1/svg/1f32e.svg,https://www.dictionary.com/e/emoji/taco-emoji/
26,libra-emoji,‚ôé, Libra emoji,,,,https://s.w.org/images/core/emoji/13.0.1/svg/264e.svg,https://www.dictionary.com/e/emoji/libra-emoji/
27,rugby-football-emoji,üèâ, Rugby Football emoji,,,,https://s.w.org/images/core/emoji/13.0.1/svg/1f3c9.svg,https://www.dictionary.com/e/emoji/rugby-football-emoji/
28,bacon-emoji,ü•ì, Bacon emoji,,,,https://s.w.org/images/core/emoji/13.0.1/svg/1f953.svg,https://www.dictionary.com/e/emoji/bacon-emoji/
29,palms-up-together-emoji,ü§≤, Palms Up Together emoji,,,,https://s.w.org/images/core/emoji/13.0.1/svg/1f932.svg,https://www.dictionary.com/e/emoji/palms-up-together-emoji/
30,prayer-beads-emoji,üìø, Prayer Beads emoji,,,,https://s.w.org/images/core/emoji/13.0.1/svg/1f4ff.svg,https://www.dictionary.com/e/emoji/prayer-beads-emoji/
31,person-with-headscarf-emoji,üßï, Person With Headscarf emoji,,,,https://s.w.org/images/core/emoji/13.0.1/svg/1f9d5.svg,https://www.dictionary.com/e/emoji/person-with-headscarf-emoji/
32,virgo-emoji,‚ôç, Virgo emoji,,,,https://s.w.org/images/core/emoji/13.0.1/svg/264d.svg,https://www.dictionary.com/e/emoji/virgo-emoji/
33,kaaba-emoji,üïã, Kaaba emoji,,,,https://s.w.org/images/core/emoji/13.0.1/svg/1f54b.svg,https://www.dictionary.com/e/emoji/kaaba-emoji/
34,mosque-emoji,üïå, Mosque emoji,,,,https://s.w.org/images/core/emoji/13.0.1/svg/1f54c.svg,https://www.dictionary.com/e/emoji/mosque-emoji/
35,beer-mug-emoji,üç∫, Beer Mug Emoji,,,,https://s.w.org/images/core/emoji/13.0.1/svg/1f37a.svg,https://www.dictionary.com/e/emoji/beer-mug-emoji/
36,clinking-beer-mugs-emoji,üçª, Clinking Beer Mugs emoji,,,,https://s.w.org/images/core/emoji/13.0.1/svg/1f37b.svg,https://www.dictionary.com/e/emoji/clinking-beer-mugs-emoji/
37,leo-emoji,‚ôå, Leo emoji,,,,https://s.w.org/images/core/emoji/13.0.1/svg/264c.svg,https://www.dictionary.com/e/emoji/leo-emoji/
38,lion-emoji,ü¶Å, Lion emoji,,,,https://s.w.org/images/core/emoji/13.0.1/svg/1f981.svg,https://www.dictionary.com/e/emoji/lion-emoji/
39,face-exhaling-emoji,üòÆ,‚Äç Face Exhaling emoji,,,,https://s.w.org/images/core/emoji/13.0.1/svg/1f62e.svg,https://www.dictionary.com/e/emoji/face-exhaling-emoji/
40,face-in-clouds-emoji,üò∂,‚Äç Face in Clouds emoji,,,,https://s.w.org/images/core/emoji/13.0.1/svg/1f636.svg,https://www.dictionary.com/e/emoji/face-in-clouds-emoji/
41,woman-with-beard-emoji,üßî,‚Äç Woman with Beard emoji,,,,https://s.w.org/images/core/emoji/13.0.1/svg/1f9d4.svg,https://www.dictionary.com/e/emoji/woman-with-beard-emoji/
42,face-with-spiral-eyes,üòµ,‚Äç Face With Spiral Eyes emoji,,,,https://s.w.org/images/core/emoji/13.0.1/svg/1f635.svg,https://www.dictionary.com/e/emoji/face-with-spiral-eyes/
43,alien-monster-emoji,üëæ, Alien Monster emoji,,,,https://s.w.org/images/core/emoji/13.0.1/svg/1f47e.svg,https://www.dictionary.com/e/emoji/alien-monster-emoji/
44,french-fries-emoji,üçü, French Fries emoji,,,,https://s.w.org/images/core/emoji/13.0.1/svg/1f35f.svg,https://www.dictionary.com/e/emoji/french-fries-emoji/
45,soft-ice-cream-emoji,üç¶,Soft Ice Cream emoji,,,,https://s.w.org/images/core/emoji/13.0.1/svg/1f366.svg,https://www.dictionary.com/e/emoji/soft-ice-cream-emoji/
46,ice-cream-emoji,üç®, Ice Cream emoji,,,,https://s.w.org/images/core/emoji/13.0.1/svg/1f368.svg,https://www.dictionary.com/e/emoji/ice-cream-emoji/
47,chocolate-bar-emoji,üç´, Chocolate Bar emoji,,,,https://s.w.org/images/core/emoji/13.0.1/svg/1f36b.svg,https://www.dictionary.com/e/emoji/chocolate-bar-emoji/
48,video-game-emoji,üéÆ, Video Game emoji,,,,https://s.w.org/images/core/emoji/13.0.1/svg/1f3ae.svg,https://www.dictionary.com/e/emoji/video-game-emoji/
49,maple-leaf-emoji,üçÅ, Maple Leaf emoji,,,,https://s.w.org/images/core/emoji/13.0.1/svg/1f341.svg,https://www.dictionary.com/e/emoji/maple-leaf-emoji/
50,person-biking-emoji,üö¥, Person Biking emoji,,,,https://s.w.org/images/core/emoji/13.0.1/svg/1f6b4.svg,https://www.dictionary.com/e/emoji/person-biking-emoji/
51,person-mountain-biking-emoji,üöµ, Person Mountain Biking emoji,,,,https://s.w.org/images/core/emoji/13.0.1/svg/1f6b5.svg,https://www.dictionary.com/e/emoji/person-mountain-biking-emoji/
52,smiling-face-with-sunglasses-emoji,üòé, Face With Sunglasses emoji,,,,https://s.w.org/images/core/emoji/13.0.1/svg/1f60e.svg,https://www.dictionary.com/e/emoji/smiling-face-with-sunglasses-emoji/
53,selfie-emoji,ü§≥, Selfie emoji,,,,https://s.w.org/images/core/emoji/13.0.1/svg/1f933.svg,https://www.dictionary.com/e/emoji/selfie-emoji/
54,person-in-lotus-position-emoji,üßò, Person in Lotus Position emoji,,,,https://s.w.org/images/core/emoji/13.0.1/svg/1f9d8.svg,https://www.dictionary.com/e/emoji/person-in-lotus-position-emoji/
55,cancer-emoji,‚ôã, Cancer emoji,,,,https://s.w.org/images/core/emoji/13.0.1/svg/264b.svg,https://www.dictionary.com/e/emoji/cancer-emoji/
56,dog-emoji,üêï, Dog emoji,,,,https://s.w.org/images/core/emoji/13.0.1/svg/1f415.svg,https://www.dictionary.com/e/emoji/dog-emoji/
57,dog-face-emoji,üê∂, Dog Face emoji,,,,https://s.w.org/images/core/emoji/13.0.1/svg/1f436.svg,https://www.dictionary.com/e/emoji/dog-face-emoji/
58,water-wave-emoji,üåä, Water Wave emoji,,,,https://s.w.org/images/core/emoji/13.0.1/svg/1f30a.svg,https://www.dictionary.com/e/emoji/water-wave-emoji/
59,ice-hockey-emoji,üèí, Ice Hockey emoji,,,,https://s.w.org/images/core/emoji/13.0.1/svg/1f3d2.svg,https://www.dictionary.com/e/emoji/ice-hockey-emoji/
60,field-hockey-emoji,üèë, Field Hockey emoji,,,,https://s.w.org/images/core/emoji/13.0.1/svg/1f3d1.svg,https://www.dictionary.com/e/emoji/field-hockey-emoji/
61,cheese-emoji,üßÄ, Cheese emoji,,,,https://s.w.org/images/core/emoji/13.0.1/svg/1f9c0.svg,https://www.dictionary.com/e/emoji/cheese-emoji/
62,tennis-racquet-and-ball-emoji,üéæ, Tennis Racquet and Ball emoji,,,,https://s.w.org/images/core/emoji/13.0.1/svg/1f3be.svg,https://www.dictionary.com/e/emoji/tennis-racquet-and-ball-emoji/
63,chequered-flag-emoji,üèÅ, Chequered Flag emoji,,,,https://s.w.org/images/core/emoji/13.0.1/svg/1f3c1.svg,https://www.dictionary.com/e/emoji/chequered-flag-emoji/
64,ufo-emoji,üõ∏, UFO emoji,,,,https://s.w.org/images/core/emoji/13.0.1/svg/1f6f8.svg,https://www.dictionary.com/e/emoji/ufo-emoji/
65,wine-emoji,üç∑, Wine emoji,,,,https://s.w.org/images/core/emoji/13.0.1/svg/1f377.svg,https://www.dictionary.com/e/emoji/wine-emoji/
66,gemini-emoji,‚ôä, Gemini emoji,,,,https://s.w.org/images/core/emoji/13.0.1/svg/264a.svg,https://www.dictionary.com/e/emoji/gemini-emoji/
67,memo-emoji,üìù, Memo emoji,,,,https://s.w.org/images/core/emoji/13.0.1/svg/1f4dd.svg,https://www.dictionary.com/e/emoji/memo-emoji/
68,basketball-emoji,üèÄ, Basketball emoji,,,,https://s.w.org/images/core/emoji/13.0.1/svg/1f3c0.svg,https://www.dictionary.com/e/emoji/basketball-emoji/
69,breast-feeding-emoji,ü§±, Breast-feeding emoji,,,,https://s.w.org/images/core/emoji/13.0.1/svg/1f931.svg,https://www.dictionary.com/e/emoji/breast-feeding-emoji/
70,bouquet-emoji,üíê, Bouquet emoji,,,,https://s.w.org/images/core/emoji/13.0.1/svg/1f490.svg,https://www.dictionary.com/e/emoji/bouquet-emoji/
71,newspaper-emoji,üì∞, Newspaper emoji,,,,https://s.w.org/images/core/emoji/13.0.1/svg/1f4f0.svg,https://www.dictionary.com/e/emoji/newspaper-emoji/
72,horse-racing-emoji,üèá, Horse Racing emoji,,,,https://s.w.org/images/core/emoji/13.0.1/svg/1f3c7.svg,https://www.dictionary.com/e/emoji/horse-racing-emoji/
73,horse-emoji,üêé, Horse emoji,,,,https://s.w.org/images/core/emoji/13.0.1/svg/1f40e.svg,https://www.dictionary.com/e/emoji/horse-emoji/
74,horse-face-emoji,üê¥, Horse Face emoji,,,,https://s.w.org/images/core/emoji/13.0.1/svg/1f434.svg,https://www.dictionary.com/e/emoji/horse-face-emoji/
75,globe-showing-europe-africa,üåç, Globe Showing Europe-Africa,,,,https://s.w.org/images/core/emoji/13.0.1/svg/1f30d.svg,https://www.dictionary.com/e/emoji/globe-showing-europe-africa/
76,globe-showing-americas,üåé, Globe Showing Americas,,,,https://s.w.org/images/core/emoji/13.0.1/svg/1f30e.svg,https://www.dictionary.com/e/emoji/globe-showing-americas/
77,globe-showing-asia-australia,üåè, Globe Showing Asia-Australia,,,,https://s.w.org/images/core/emoji/13.0.1/svg/1f30f.svg,https://www.dictionary.com/e/emoji/globe-showing-asia-australia/
78,fallen-leaf-emoji,üçÇ, Fallen Leaf emoji,,,,https://s.w.org/images/core/emoji/13.0.1/svg/1f342.svg,https://www.dictionary.com/e/emoji/fallen-leaf-emoji/
79,leaf-fluttering-in-the-wind-emoji,üçÉ, Leaf Fluttering in the Wind emoji,,,,https://s.w.org/images/core/emoji/13.0.1/svg/1f343.svg,https://www.dictionary.com/e/emoji/leaf-fluttering-in-the-wind-emoji/
80,egg-emoji,ü•ö, Egg emoji,,,,https://s.w.org/images/core/emoji/13.0.1/svg/1f95a.svg,https://www.dictionary.com/e/emoji/egg-emoji/
81,rabbit-emoji,üêá, Rabbit emoji,,,,https://s.w.org/images/core/emoji/13.0.1/svg/1f407.svg,https://www.dictionary.com/e/emoji/rabbit-emoji/
82,rabbit-face-emoji,üê∞, Rabbit Face emoji,,,,https://s.w.org/images/core/emoji/13.0.1/svg/1f430.svg,https://www.dictionary.com/e/emoji/rabbit-face-emoji/
83,baby-chick-emoji,üê§, Baby Chick emoji,,,,https://s.w.org/images/core/emoji/13.0.1/svg/1f424.svg,https://www.dictionary.com/e/emoji/baby-chick-emoji/
84,hatching-chick-emoji,üê£, Hatching Chick emoji,,,,https://s.w.org/images/core/emoji/13.0.1/svg/1f423.svg,https://www.dictionary.com/e/emoji/hatching-chick-emoji/
85,hamburger-emoji,üçî, Hamburger emoji,,,,https://s.w.org/images/core/emoji/13.0.1/svg/1f354.svg,https://www.dictionary.com/e/emoji/hamburger-emoji/
86,purple-heart-emoji,üíú, Purple Heart emoji,,,,https://s.w.org/images/core/emoji/13.0.1/svg/1f49c.svg,https://www.dictionary.com/e/emoji/purple-heart-emoji/
87,pie-emoji,ü•ß, Pie emoji,,,,https://s.w.org/images/core/emoji/13.0.1/svg/1f967.svg,https://www.dictionary.com/e/emoji/pie-emoji/
88,woman-emoji,üë©, Woman emoji,,,,https://s.w.org/images/core/emoji/13.0.1/svg/1f469.svg,https://www.dictionary.com/e/emoji/woman-emoji/
89,orangutan-emoji,ü¶ß, Orangutan emoji,,,,https://s.w.org/images/core/emoji/13.0.1/svg/1f9a7.svg,https://www.dictionary.com/e/emoji/orangutan-emoji/
90,otter-emoji,ü¶¶, Otter emoji,,,,https://s.w.org/images/core/emoji/13.0.1/svg/1f9a6.svg,https://www.dictionary.com/e/emoji/otter-emoji/
91,flamingo-emoji,ü¶©, Flamingo emoji,,,,https://s.w.org/images/core/emoji/13.0.1/svg/1f9a9.svg,https://www.dictionary.com/e/emoji/flamingo-emoji/
92,movie-camera-emoji,üé•, Movie Camera emoji,,,,https://s.w.org/images/core/emoji/13.0.1/svg/1f3a5.svg,https://www.dictionary.com/e/emoji/movie-camera-emoji/
93,eagle-emoji,ü¶Ö, Eagle emoji,,,,https://s.w.org/images/core/emoji/13.0.1/svg/1f985.svg,https://www.dictionary.com/e/emoji/eagle-emoji/
94,pancakes-emoji,ü•û, Pancakes emoji,,,,https://s.w.org/images/core/emoji/13.0.1/svg/1f95e.svg,https://www.dictionary.com/e/emoji/pancakes-emoji/
95,american-football-emoji,üèà, American Football emoji,,,,https://s.w.org/images/core/emoji/13.0.1/svg/1f3c8.svg,https://www.dictionary.com/e/emoji/american-football-emoji/
96,slice-pizza-emoji,üçï, Slice of Pizza emoji,,,,https://s.w.org/images/core/emoji/13.0.1/svg/1f355.svg,https://www.dictionary.com/e/emoji/slice-pizza-emoji/
97,ox-emoji,üêÇ, Ox emoji,,,,https://s.w.org/images/core/emoji/13.0.1/svg/1f402.svg,https://www.dictionary.com/e/emoji/ox-emoji/
98,cold-face-emoji,ü•∂, Cold Face emoji,,,,https://s.w.org/images/core/emoji/13.0.1/svg/1f976.svg,https://www.dictionary.com/e/emoji/cold-face-emoji/
99,green-heart-emoji,üíö, Green Heart emoji,,,,https://s.w.org/images/core/emoji/13.0.1/svg/1f49a.svg,https://www.dictionary.com/e/emoji/green-heart-emoji/
100,heart-with-ribbon-emoji,üíù, Heart With Ribbon emoji,,,,https://s.w.org/images/core/emoji/13.0.1/svg/1f49d.svg,https://www.dictionary.com/e/emoji/heart-with-ribbon-emoji/
101,couple-with-heart-emoji,üíë, Couple With Heart emoji,,,,https://s.w.org/images/core/emoji/13.0.1/svg/1f491.svg,https://www.dictionary.com/e/emoji/couple-with-heart-emoji/
102,heart-decoration-emoji,üíü, Heart Decoration emoji,,,,https://s.w.org/images/core/emoji/13.0.1/svg/1f49f.svg,https://www.dictionary.com/e/emoji/heart-decoration-emoji/
103,white-heart-emoji,ü§ç, White Heart emoji,,,,https://s.w.org/images/core/emoji/13.0.1/svg/1f90d.svg,https://www.dictionary.com/e/emoji/white-heart-emoji/
104,orange-heart-emoji,üß°, Orange Heart emoji,,,,https://s.w.org/images/core/emoji/13.0.1/svg/1f9e1.svg,https://www.dictionary.com/e/emoji/orange-heart-emoji/
105,brown-heart-emoji,ü§é, Brown Heart emoji,,,,https://s.w.org/images/core/emoji/13.0.1/svg/1f90e.svg,https://www.dictionary.com/e/emoji/brown-heart-emoji/
106,microbe-emoji,ü¶†, Microbe emoji,,,,https://s.w.org/images/core/emoji/13.0.1/svg/1f9a0.svg,https://www.dictionary.com/e/emoji/microbe-emoji/
107,dolphin-emoji,üê¨, Dolphin emoji,,,,https://s.w.org/images/core/emoji/13.0.1/svg/1f42c.svg,https://www.dictionary.com/e/emoji/dolphin-emoji/
108,shark-emoji,ü¶à, Shark emoji,,,,https://s.w.org/images/core/emoji/13.0.1/svg/1f988.svg,https://www.dictionary.com/e/emoji/shark-emoji/
109,raised-fist-emoji,‚úä, Raised Fist emoji,,,,https://s.w.org/images/core/emoji/13.0.1/svg/270a.svg,https://www.dictionary.com/e/emoji/raised-fist-emoji/
110,pleading-face-emoji,ü•∫, Pleading Face Emoji,,,,https://s.w.org/images/core/emoji/13.0.1/svg/1f97a.svg,https://www.dictionary.com/e/emoji/pleading-face-emoji/
111,face-with-medical-mask-emoji,üò∑, Face With Medical Mask emoji,,,,https://s.w.org/images/core/emoji/13.0.1/svg/1f637.svg,https://www.dictionary.com/e/emoji/face-with-medical-mask-emoji/
112,clown-face-emoji,ü§°, Clown Face emoji,,,,https://s.w.org/images/core/emoji/13.0.1/svg/1f921.svg,https://www.dictionary.com/e/emoji/clown-face-emoji/
113,zombie-emoji,üßü, Zombie emoji,,,,https://s.w.org/images/core/emoji/13.0.1/svg/1f9df.svg,https://www.dictionary.com/e/emoji/zombie-emoji/
114,bat-emoji,ü¶á, Bat emoji,,,,https://s.w.org/images/core/emoji/13.0.1/svg/1f987.svg,https://www.dictionary.com/e/emoji/bat-emoji/
115,candy-emoji,üç¨, Candy emoji,,,,https://s.w.org/images/core/emoji/13.0.1/svg/1f36c.svg,https://www.dictionary.com/e/emoji/candy-emoji/
116,vampire-emoji,üßõ, Vampire emoji,,,,https://s.w.org/images/core/emoji/13.0.1/svg/1f9db.svg,https://www.dictionary.com/e/emoji/vampire-emoji/
117,sleeping-symbol-emoji,üí§, Sleeping Symbol emoji,,,,https://s.w.org/images/core/emoji/13.0.1/svg/1f4a4.svg,https://www.dictionary.com/e/emoji/sleeping-symbol-emoji/
118,blue-heart-emoji,üíô, Blue Heart emoji,,,,https://s.w.org/images/core/emoji/13.0.1/svg/1f499.svg,https://www.dictionary.com/e/emoji/blue-heart-emoji/
119,rose-emoji,üåπ, Rose emoji,,,,https://s.w.org/images/core/emoji/13.0.1/svg/1f339.svg,https://www.dictionary.com/e/emoji/rose-emoji/
120,oyster-emoji,ü¶™, Oyster emoji,,,,https://s.w.org/images/core/emoji/13.0.1/svg/1f9aa.svg,https://www.dictionary.com/e/emoji/oyster-emoji/
121,person-kneeling-emoji,üßé,Person Kneeling emoji,,,,https://s.w.org/images/core/emoji/13.0.1/svg/1f9ce.svg,https://www.dictionary.com/e/emoji/person-kneeling-emoji/
122,ice-cube-emoji,üßä, Ice Cube emoji,,,,https://s.w.org/images/core/emoji/13.0.1/svg/1f9ca.svg,https://www.dictionary.com/e/emoji/ice-cube-emoji/
123,skunk-emoji,ü¶®, Skunk emoji,,,,https://s.w.org/images/core/emoji/13.0.1/svg/1f9a8.svg,https://www.dictionary.com/e/emoji/skunk-emoji/
124,sloth-emoji,ü¶•, Sloth emoji,,,,https://s.w.org/images/core/emoji/13.0.1/svg/1f9a5.svg,https://www.dictionary.com/e/emoji/sloth-emoji/
125,drop-of-blood-emoji,ü©∏, Drop of Blood emoji,,,,https://s.w.org/images/core/emoji/13.0.1/svg/1fa78.svg,https://www.dictionary.com/e/emoji/drop-of-blood-emoji/
126,person-taking-bath-emoji,üõÄ, Person Taking a Bath emoji,,,,https://s.w.org/images/core/emoji/13.0.1/svg/1f6c0.svg,https://www.dictionary.com/e/emoji/person-taking-bath-emoji/
127,foot-emoji,ü¶∂, Foot emoji,,,,https://s.w.org/images/core/emoji/13.0.1/svg/1f9b6.svg,https://www.dictionary.com/e/emoji/foot-emoji/
128,pinching-hand-emoji,ü§è, Pinching Hand emoji,,,,https://s.w.org/images/core/emoji/13.0.1/svg/1f90f.svg,https://www.dictionary.com/e/emoji/pinching-hand-emoji/
129,mooncake-emoji,ü•Æ, Mooncake emoji,,,,https://s.w.org/images/core/emoji/13.0.1/svg/1f96e.svg,https://www.dictionary.com/e/emoji/mooncake-emoji/
130,playing-card-black-joker-emoji,üÉè,Playing Card Black Joker emoji,,,,https://s.w.org/images/core/emoji/13.0.1/svg/1f0cf.svg,https://www.dictionary.com/e/emoji/playing-card-black-joker-emoji/
131,yellow-heart-emoji,üíõ, Yellow Heart emoji,,,,https://s.w.org/images/core/emoji/13.0.1/svg/1f49b.svg,https://www.dictionary.com/e/emoji/yellow-heart-emoji/
132,face-screaming-in-fear-emoji,üò±, Face Screaming In Fear emoji,,,,https://s.w.org/images/core/emoji/13.0.1/svg/1f631.svg,https://www.dictionary.com/e/emoji/face-screaming-in-fear-emoji/
133,revolving-hearts-emoji,üíû, Revolving Hearts emoji,,,,https://s.w.org/images/core/emoji/13.0.1/svg/1f49e.svg,https://www.dictionary.com/e/emoji/revolving-hearts-emoji/
134,growing-heart-emoji,üíó, Growing Heart emoji,,,,https://s.w.org/images/core/emoji/13.0.1/svg/1f497.svg,https://www.dictionary.com/e/emoji/growing-heart-emoji/
135,skull-emoji,üíÄ, Skull emoji,,,,https://s.w.org/images/core/emoji/13.0.1/svg/1f480.svg,https://www.dictionary.com/e/emoji/skull-emoji/
136,pretzel-emoji,ü•®, Pretzel emoji,,,,https://s.w.org/images/core/emoji/13.0.1/svg/1f968.svg,https://www.dictionary.com/e/emoji/pretzel-emoji/
137,croissant-emoji,ü•ê, Croissant emoji,,,,https://s.w.org/images/core/emoji/13.0.1/svg/1f950.svg,https://www.dictionary.com/e/emoji/croissant-emoji/
138,lizard-emoji,ü¶é, Lizard emoji,,,,https://s.w.org/images/core/emoji/13.0.1/svg/1f98e.svg,https://www.dictionary.com/e/emoji/lizard-emoji/
139,turkey-emoji,ü¶É, Turkey emoji,,,,https://s.w.org/images/core/emoji/13.0.1/svg/1f983.svg,https://www.dictionary.com/e/emoji/turkey-emoji/
140,parrot-emoji,ü¶ú, Parrot emoji,,,,https://s.w.org/images/core/emoji/13.0.1/svg/1f99c.svg,https://www.dictionary.com/e/emoji/parrot-emoji/
141,tulip-emoji,üå∑, Tulip emoji,,,,https://s.w.org/images/core/emoji/13.0.1/svg/1f337.svg,https://www.dictionary.com/e/emoji/tulip-emoji/
142,strawberry-emoji,üçì, Strawberry emoji,,,,https://s.w.org/images/core/emoji/13.0.1/svg/1f353.svg,https://www.dictionary.com/e/emoji/strawberry-emoji/
143,woozy-face-emoji,ü•¥, Woozy Face emoji,,,,https://s.w.org/images/core/emoji/13.0.1/svg/1f974.svg,https://www.dictionary.com/e/emoji/woozy-face-emoji/
144,flushed-face-emoji,üò≥, Flushed Face emoji,,,,https://s.w.org/images/core/emoji/13.0.1/svg/1f633.svg,https://www.dictionary.com/e/emoji/flushed-face-emoji/
145,raising-hands-emoji,üôå,  Raising Hands emoji,,,,https://s.w.org/images/core/emoji/13.0.1/svg/1f64c.svg,https://www.dictionary.com/e/emoji/raising-hands-emoji/
146,grinning-face-with-sweat-emoji,üòÖ, Grinning Face With Sweat emoji,,,,https://s.w.org/images/core/emoji/13.0.1/svg/1f605.svg,https://www.dictionary.com/e/emoji/grinning-face-with-sweat-emoji/
147,llama-emoji,ü¶ô, Llama emoji,,,,https://s.w.org/images/core/emoji/13.0.1/svg/1f999.svg,https://www.dictionary.com/e/emoji/llama-emoji/
148,ghost-emoji,üëª, Ghost emoji,,,,https://s.w.org/images/core/emoji/13.0.1/svg/1f47b.svg,https://www.dictionary.com/e/emoji/ghost-emoji/
149,skateboard-emoji,üõπ, Skateboard emoji,,,,https://s.w.org/images/core/emoji/13.0.1/svg/1f6f9.svg,https://www.dictionary.com/e/emoji/skateboard-emoji/
150,sandwich-emoji,ü•™, Sandwich emoji,,,,https://s.w.org/images/core/emoji/13.0.1/svg/1f96a.svg,https://www.dictionary.com/e/emoji/sandwich-emoji/
151,alarm-clock-emoji,‚è∞, Alarm Clock emoji,,,,https://s.w.org/images/core/emoji/13.0.1/svg/23f0.svg,https://www.dictionary.com/e/emoji/alarm-clock-emoji/
152,zipper-mouth-face-emoji,ü§ê, Zipper Mouth Face emoji,,,,https://s.w.org/images/core/emoji/13.0.1/svg/1f910.svg,https://www.dictionary.com/e/emoji/zipper-mouth-face-emoji/
153,shushing-face-emoji,ü§´, Shushing Face emoji,,,,https://s.w.org/images/core/emoji/13.0.1/svg/1f92b.svg,https://www.dictionary.com/e/emoji/shushing-face-emoji/
154,school-emoji,üè´, School emoji,,,,https://s.w.org/images/core/emoji/13.0.1/svg/1f3eb.svg,https://www.dictionary.com/e/emoji/school-emoji/
155,pistol-emoji,üî´, Pistol emoji,,,,https://s.w.org/images/core/emoji/13.0.1/svg/1f52b.svg,https://www.dictionary.com/e/emoji/pistol-emoji/
156,love-you-gesture-emoji,ü§ü, I Love You Gesture emoji,,,,https://s.w.org/images/core/emoji/13.0.1/svg/1f91f.svg,https://www.dictionary.com/e/emoji/love-you-gesture-emoji/
157,chestnut-emoji,üå∞, Chestnut emoji,,,,https://s.w.org/images/core/emoji/13.0.1/svg/1f330.svg,https://www.dictionary.com/e/emoji/chestnut-emoji/
158,burrito-emoji,üåØ, Burrito emoji,,,,https://s.w.org/images/core/emoji/13.0.1/svg/1f32f.svg,https://www.dictionary.com/e/emoji/burrito-emoji/
159,peacock-emoji,ü¶ö, Peacock emoji,,,,https://s.w.org/images/core/emoji/13.0.1/svg/1f99a.svg,https://www.dictionary.com/e/emoji/peacock-emoji/
160,thought-balloon-emoji,üí≠, Thought Balloon emoji,,,,https://s.w.org/images/core/emoji/13.0.1/svg/1f4ad.svg,https://www.dictionary.com/e/emoji/thought-balloon-emoji/
161,pineapple-emoji,üçç, Pineapple emoji,,,,https://s.w.org/images/core/emoji/13.0.1/svg/1f34d.svg,https://www.dictionary.com/e/emoji/pineapple-emoji/
162,lobster-emoji,ü¶û, Lobster emoji,,,,https://s.w.org/images/core/emoji/13.0.1/svg/1f99e.svg,https://www.dictionary.com/e/emoji/lobster-emoji/
163,key-emoji,üîë, Key emoji,,,,https://s.w.org/images/core/emoji/13.0.1/svg/1f511.svg,https://www.dictionary.com/e/emoji/key-emoji/
164,palm-tree-emoji,üå¥, Palm Tree emoji,,,,https://s.w.org/images/core/emoji/13.0.1/svg/1f334.svg,https://www.dictionary.com/e/emoji/palm-tree-emoji/
165,watermelon-emoji,üçâ, Watermelon emoji,,,,https://s.w.org/images/core/emoji/13.0.1/svg/1f349.svg,https://www.dictionary.com/e/emoji/watermelon-emoji/
166,cucumber-emoji,ü•í, Cucumber emoji,,,,https://s.w.org/images/core/emoji/13.0.1/svg/1f952.svg,https://www.dictionary.com/e/emoji/cucumber-emoji/
167,lollipop-emoji,üç≠, Lollipop emoji,,,,https://s.w.org/images/core/emoji/13.0.1/svg/1f36d.svg,https://www.dictionary.com/e/emoji/lollipop-emoji/
168,carrot-emoji,ü•ï,¬†Carrot emoji,,,,https://s.w.org/images/core/emoji/13.0.1/svg/1f955.svg,https://www.dictionary.com/e/emoji/carrot-emoji/
169,butterfly-emoji,ü¶ã, Butterfly emoji,,,,https://s.w.org/images/core/emoji/13.0.1/svg/1f98b.svg,https://www.dictionary.com/e/emoji/butterfly-emoji/
170,black-heart-emoji,üñ§, Black Heart emoji,,,,https://s.w.org/images/core/emoji/13.0.1/svg/1f5a4.svg,https://www.dictionary.com/e/emoji/black-heart-emoji/
171,heavy-dollar-sign-emoji,üí≤, Heavy Dollar Sign emoji,,,,https://s.w.org/images/core/emoji/13.0.1/svg/1f4b2.svg,https://www.dictionary.com/e/emoji/heavy-dollar-sign-emoji/
172,baby-emoji,üë∂, Baby emoji,,,,https://s.w.org/images/core/emoji/13.0.1/svg/1f476.svg,https://www.dictionary.com/e/emoji/baby-emoji/
173,dancer,üíÉ, Dancer emoji,,,,https://s.w.org/images/core/emoji/13.0.1/svg/1f483.svg,https://www.dictionary.com/e/emoji/dancer/
174,doughnut,üç©, Doughnut emoji,,,,https://s.w.org/images/core/emoji/13.0.1/svg/1f369.svg,https://www.dictionary.com/e/emoji/doughnut/
175,princess,üë∏, Princess emoji,,,,https://s.w.org/images/core/emoji/13.0.1/svg/1f478.svg,https://www.dictionary.com/e/emoji/princess/
176,bow-and-arrow,üèπ, Bow and Arrow emoji,,,,https://s.w.org/images/core/emoji/13.0.1/svg/1f3f9.svg,https://www.dictionary.com/e/emoji/bow-and-arrow/
177,japanese-dolls,üéé, Japanese Dolls emoji,,,,https://s.w.org/images/core/emoji/13.0.1/svg/1f38e.svg,https://www.dictionary.com/e/emoji/japanese-dolls/
178,bomb,üí£, Bomb emoji,,,,https://s.w.org/images/core/emoji/13.0.1/svg/1f4a3.svg,https://www.dictionary.com/e/emoji/bomb/
179,vulcan-salute,üññ, Vulcan Salute emoji,,,,https://s.w.org/images/core/emoji/13.0.1/svg/1f596.svg,https://www.dictionary.com/e/emoji/vulcan-salute/
180,cat,üêà, Cat emoji,,,,https://s.w.org/images/core/emoji/13.0.1/svg/1f408.svg,https://www.dictionary.com/e/emoji/cat/
181,jack-o-lantern,üéÉ,¬†Jack-O‚Äô-Lantern emoji,,,,https://s.w.org/images/core/emoji/13.0.1/svg/1f383.svg,https://www.dictionary.com/e/emoji/jack-o-lantern/
182,face-with-tongue,üòõ, Face with Tongue emoji,,,,https://s.w.org/images/core/emoji/13.0.1/svg/1f61b.svg,https://www.dictionary.com/e/emoji/face-with-tongue/
183,drooling-face,ü§§, Drooling Face emoji,,,,https://s.w.org/images/core/emoji/13.0.1/svg/1f924.svg,https://www.dictionary.com/e/emoji/drooling-face/
184,money-mouth-face,ü§ë, Money Mouth Face emoji,,,,https://s.w.org/images/core/emoji/13.0.1/svg/1f911.svg,https://www.dictionary.com/e/emoji/money-mouth-face/
185,red-apple,üçé, Red Apple emoji,,,,https://s.w.org/images/core/emoji/13.0.1/svg/1f34e.svg,https://www.dictionary.com/e/emoji/red-apple/
186,love-hotel,üè©, Love Hotel emoji,,,,https://s.w.org/images/core/emoji/13.0.1/svg/1f3e9.svg,https://www.dictionary.com/e/emoji/love-hotel/
187,love-letter,üíå, Love Letter emoji,,,,https://s.w.org/images/core/emoji/13.0.1/svg/1f48c.svg,https://www.dictionary.com/e/emoji/love-letter/
188,graduation-cap,üéì, Graduation Cap emoji,,,,https://s.w.org/images/core/emoji/13.0.1/svg/1f393.svg,https://www.dictionary.com/e/emoji/graduation-cap/
189,lemon,üçã, Lemon emoji,,,,https://s.w.org/images/core/emoji/13.0.1/svg/1f34b.svg,https://www.dictionary.com/e/emoji/lemon/
190,glasses,üëì, Glasses emoji,,,,https://s.w.org/images/core/emoji/13.0.1/svg/1f453.svg,https://www.dictionary.com/e/emoji/glasses/
191,smirking-face,üòè, Smirking Face emoji,,,,https://s.w.org/images/core/emoji/13.0.1/svg/1f60f.svg,https://www.dictionary.com/e/emoji/smirking-face/
192,face-with-steam-from-nose,üò§, Face with Steam from Nose emoji,,,,https://s.w.org/images/core/emoji/13.0.1/svg/1f624.svg,https://www.dictionary.com/e/emoji/face-with-steam-from-nose/
193,moai,üóø, Moai emoji,,,,https://s.w.org/images/core/emoji/13.0.1/svg/1f5ff.svg,https://www.dictionary.com/e/emoji/moai/
194,raised-hand,‚úã, Raised Hand emoji,,,,https://s.w.org/images/core/emoji/13.0.1/svg/270b.svg,https://www.dictionary.com/e/emoji/raised-hand/
195,slightly-frowning-face,üôÅ, Slightly Frowning Face emoji,,,,https://s.w.org/images/core/emoji/13.0.1/svg/1f641.svg,https://www.dictionary.com/e/emoji/slightly-frowning-face/
196,backpack-emoji,üéí, Backpack emoji,,,,https://s.w.org/images/core/emoji/13.0.1/svg/1f392.svg,https://www.dictionary.com/e/emoji/backpack-emoji/
197,handbag,üëú, Handbag emoji,,,,https://s.w.org/images/core/emoji/13.0.1/svg/1f45c.svg,https://www.dictionary.com/e/emoji/handbag/
198,rainbow-emoji,üåà, Rainbow emoji,,,,https://s.w.org/images/core/emoji/13.0.1/svg/1f308.svg,https://www.dictionary.com/e/emoji/rainbow-emoji/
199,three-wise-monkeys,üôà,", ,  Three Wise Monkey emoji",,,,https://s.w.org/images/core/emoji/13.0.1/svg/1f648.svg,https://www.dictionary.com/e/emoji/three-wise-monkeys/
200,monkey,üêí, Monkey emoji,,,,https://s.w.org/images/core/emoji/13.0.1/svg/1f412.svg,https://www.dictionary.com/e/emoji/monkey/
201,sauropod,ü¶ï, Sauropod emoji,,,,https://s.w.org/images/core/emoji/13.0.1/svg/1f995.svg,https://www.dictionary.com/e/emoji/sauropod/
202,duck,ü¶Ü, Duck emoji,,,,https://s.w.org/images/core/emoji/13.0.1/svg/1f986.svg,https://www.dictionary.com/e/emoji/duck/
203,angry-face-with-horns,üëø, Angry Face With Horns emoji,,,,https://s.w.org/images/core/emoji/13.0.1/svg/1f47f.svg,https://www.dictionary.com/e/emoji/angry-face-with-horns/
204,cigarette-emoji,üö¨, Cigarette emoji,,,,https://s.w.org/images/core/emoji/13.0.1/svg/1f6ac.svg,https://www.dictionary.com/e/emoji/cigarette-emoji/
205,red-paper-lantern-emoji,üèÆ, Izakaya Lantern emoji,,,,https://s.w.org/images/core/emoji/13.0.1/svg/1f3ee.svg,https://www.dictionary.com/e/emoji/red-paper-lantern-emoji/
206,christmas-tree-emoji,üéÑ, Christmas Tree emoji,,,,https://s.w.org/images/core/emoji/13.0.1/svg/1f384.svg,https://www.dictionary.com/e/emoji/christmas-tree-emoji/
207,fireworks-emoji,üéÜ, Fireworks emoji,,,,https://s.w.org/images/core/emoji/13.0.1/svg/1f386.svg,https://www.dictionary.com/e/emoji/fireworks-emoji/
208,pig-emoji,üêñ, Pig emoji,,,,https://s.w.org/images/core/emoji/13.0.1/svg/1f416.svg,https://www.dictionary.com/e/emoji/pig-emoji/
209,fearful-face-emoji,üò®, Fearful Face emoji,,,,https://s.w.org/images/core/emoji/13.0.1/svg/1f628.svg,https://www.dictionary.com/e/emoji/fearful-face-emoji/
210,sleeping-face-emoji,üò¥, Sleeping Face emoji,,,,https://s.w.org/images/core/emoji/13.0.1/svg/1f634.svg,https://www.dictionary.com/e/emoji/sleeping-face-emoji/
211,crying-face-emoji,üò¢, Crying Face emoji,,,,https://s.w.org/images/core/emoji/13.0.1/svg/1f622.svg,https://www.dictionary.com/e/emoji/crying-face-emoji/
212,disappointed-face,üòû, Disappointed Face emoji,,,,https://s.w.org/images/core/emoji/13.0.1/svg/1f61e.svg,https://www.dictionary.com/e/emoji/disappointed-face/
213,family-emoji,üë™, Family emoji,,,,https://s.w.org/images/core/emoji/13.0.1/svg/1f46a.svg,https://www.dictionary.com/e/emoji/family-emoji/
214,bento-box-emoji,üç±, Bento Box emoji,,,,https://s.w.org/images/core/emoji/13.0.1/svg/1f371.svg,https://www.dictionary.com/e/emoji/bento-box-emoji/
215,shooting-star-emoji,üå†, Shooting Star emoji,,,,https://s.w.org/images/core/emoji/13.0.1/svg/1f320.svg,https://www.dictionary.com/e/emoji/shooting-star-emoji/
216,sparkles-emoji,‚ú®, Sparkles emoji,,,,https://s.w.org/images/core/emoji/13.0.1/svg/2728.svg,https://www.dictionary.com/e/emoji/sparkles-emoji/
217,astonished-face-emoji,üò≤, Astonished Face emoji,,,,https://s.w.org/images/core/emoji/13.0.1/svg/1f632.svg,https://www.dictionary.com/e/emoji/astonished-face-emoji/
218,full-moon-emoji,üåï, Full Moon emoji,,,,https://s.w.org/images/core/emoji/13.0.1/svg/1f315.svg,https://www.dictionary.com/e/emoji/full-moon-emoji/
219,kiss-mark-emoji,üíã, Kiss Mark emoji,,,,https://s.w.org/images/core/emoji/13.0.1/svg/1f48b.svg,https://www.dictionary.com/e/emoji/kiss-mark-emoji/
220,two-men-holding-hands-emoji,üë¨, Two Men Holding Hands emoji,,,,https://s.w.org/images/core/emoji/13.0.1/svg/1f46c.svg,https://www.dictionary.com/e/emoji/two-men-holding-hands-emoji/
221,broken-heart-emoji,üíî, Broken Heart emoji,,,,https://s.w.org/images/core/emoji/13.0.1/svg/1f494.svg,https://www.dictionary.com/e/emoji/broken-heart-emoji/
222,sparkling-heart-emoji,üíñ, Sparkling Heart emoji,,,,https://s.w.org/images/core/emoji/13.0.1/svg/1f496.svg,https://www.dictionary.com/e/emoji/sparkling-heart-emoji/
223,green-salad-emoji,ü•ó, Green Salad emoji,,,,https://s.w.org/images/core/emoji/13.0.1/svg/1f957.svg,https://www.dictionary.com/e/emoji/green-salad-emoji/
224,smiling-face-with-horns-emoji,üòà, Smiling Face With Horns emoji,,,,https://s.w.org/images/core/emoji/13.0.1/svg/1f608.svg,https://www.dictionary.com/e/emoji/smiling-face-with-horns-emoji/
225,confused-face-emoji,üòï, Confused Face emoji,,,,https://s.w.org/images/core/emoji/13.0.1/svg/1f615.svg,https://www.dictionary.com/e/emoji/confused-face-emoji/
226,smiling-face-with-open-mouth-and-smiling-eyes-emoji,üòÑ, Smiling Face With Open Mouth and Smiling Eyes emoji,,,,https://s.w.org/images/core/emoji/13.0.1/svg/1f604.svg,https://www.dictionary.com/e/emoji/smiling-face-with-open-mouth-and-smiling-eyes-emoji/
227,face-with-cowboy-hat-emoji,ü§†, Face with Cowboy Hat emoji,,,,https://s.w.org/images/core/emoji/13.0.1/svg/1f920.svg,https://www.dictionary.com/e/emoji/face-with-cowboy-hat-emoji/
228,teddy-bear-emoji,üß∏, Teddy Bear emoji,,,,https://s.w.org/images/core/emoji/13.0.1/svg/1f9f8.svg,https://www.dictionary.com/e/emoji/teddy-bear-emoji/
229,sake-bottle-and-cup-emoji,üç∂, Sake Bottle and Cup emoji,,,,https://s.w.org/images/core/emoji/13.0.1/svg/1f376.svg,https://www.dictionary.com/e/emoji/sake-bottle-and-cup-emoji/
230,bactrian-camel-emoji,üê´, Bactrian Camel emoji,,,,https://s.w.org/images/core/emoji/13.0.1/svg/1f42b.svg,https://www.dictionary.com/e/emoji/bactrian-camel-emoji/
231,face-with-open-mouth-vomiting-emoji,ü§Æ, Face Vomiting emoji,,,,https://s.w.org/images/core/emoji/13.0.1/svg/1f92e.svg,https://www.dictionary.com/e/emoji/face-with-open-mouth-vomiting-emoji/
232,man-emoji,üë®, Man emoji,,,,https://s.w.org/images/core/emoji/13.0.1/svg/1f468.svg,https://www.dictionary.com/e/emoji/man-emoji/
233,banknote-with-dollar-sign-emoji,üíµ, Banknote with Dollar Sign emoji,,,,https://s.w.org/images/core/emoji/13.0.1/svg/1f4b5.svg,https://www.dictionary.com/e/emoji/banknote-with-dollar-sign-emoji/
234,nerd-face-emoji,ü§ì, Nerd Face emoji,,,,https://s.w.org/images/core/emoji/13.0.1/svg/1f913.svg,https://www.dictionary.com/e/emoji/nerd-face-emoji/
235,banknote-with-euro-sign-emoji,üí∂, Banknote with Euro Sign emoji,,,,https://s.w.org/images/core/emoji/13.0.1/svg/1f4b6.svg,https://www.dictionary.com/e/emoji/banknote-with-euro-sign-emoji/
236,hugging-face-emoji,ü§ó, Hugging Face emoji,,,,https://s.w.org/images/core/emoji/13.0.1/svg/1f917.svg,https://www.dictionary.com/e/emoji/hugging-face-emoji/
237,wrapped-present-emoji,üéÅ, Wrapped Present emoji,,,,https://s.w.org/images/core/emoji/13.0.1/svg/1f381.svg,https://www.dictionary.com/e/emoji/wrapped-present-emoji/
238,kiwi-fruit-emoji,ü•ù, Kiwi Fruit emoji,,,,https://s.w.org/images/core/emoji/13.0.1/svg/1f95d.svg,https://www.dictionary.com/e/emoji/kiwi-fruit-emoji/
239,flexed-biceps-emoji,üí™, Flexed Biceps emoji,,,,https://s.w.org/images/core/emoji/13.0.1/svg/1f4aa.svg,https://www.dictionary.com/e/emoji/flexed-biceps-emoji/
240,left-pointing-magnifying-glass-emoji,üîç, Left Pointing Magnifying Glass emoji and  Right Pointing Magnifying Glass emoji,,,,https://s.w.org/images/core/emoji/13.0.1/svg/1f50d.svg,https://www.dictionary.com/e/emoji/left-pointing-magnifying-glass-emoji/
241,squared-sos-emoji,üÜò, Squared SOS emoji,,,,https://s.w.org/images/core/emoji/13.0.1/svg/1f198.svg,https://www.dictionary.com/e/emoji/squared-sos-emoji/
242,pot-food-emoji,üç≤, Pot Food emoji,,,,https://s.w.org/images/core/emoji/13.0.1/svg/1f372.svg,https://www.dictionary.com/e/emoji/pot-food-emoji/
243,bearded-person-emoji,üßî, Bearded Person emoji,,,,https://s.w.org/images/core/emoji/13.0.1/svg/1f9d4.svg,https://www.dictionary.com/e/emoji/bearded-person-emoji/
244,electric-light-bulb-emoji,üí°, Electric Light Bulb emoji,,,,https://s.w.org/images/core/emoji/13.0.1/svg/1f4a1.svg,https://www.dictionary.com/e/emoji/electric-light-bulb-emoji/
245,grimacing-face-emoji,üò¨, Grimacing Face emoji,,,,https://s.w.org/images/core/emoji/13.0.1/svg/1f62c.svg,https://www.dictionary.com/e/emoji/grimacing-face-emoji/
246,face-throwing-a-kiss-emoji,üòò, Face Throwing a Kiss emoji,,,,https://s.w.org/images/core/emoji/13.0.1/svg/1f618.svg,https://www.dictionary.com/e/emoji/face-throwing-a-kiss-emoji/
247,glowing-star-emoji,üåü, Glowing Star emoji,,,,https://s.w.org/images/core/emoji/13.0.1/svg/1f31f.svg,https://www.dictionary.com/e/emoji/glowing-star-emoji/
248,goblin-emoji,üë∫, Goblin emoji,,,,https://s.w.org/images/core/emoji/13.0.1/svg/1f47a.svg,https://www.dictionary.com/e/emoji/goblin-emoji/
249,100-emoji,üíØ, 100 emoji,,,,https://s.w.org/images/core/emoji/13.0.1/svg/1f4af.svg,https://www.dictionary.com/e/emoji/100-emoji/
250,cross-mark-emoji,‚ùå, Cross Mark emoji,,,,https://s.w.org/images/core/emoji/13.0.1/svg/274c.svg,https://www.dictionary.com/e/emoji/cross-mark-emoji/
251,weary-face-emoji,üò©, Weary Face emoji,,,,https://s.w.org/images/core/emoji/13.0.1/svg/1f629.svg,https://www.dictionary.com/e/emoji/weary-face-emoji/
252,paw-prints-emoji,üêæ, Paw Prints emoji,,,,https://s.w.org/images/core/emoji/13.0.1/svg/1f43e.svg,https://www.dictionary.com/e/emoji/paw-prints-emoji/
253,hamster-face-emoji,üêπ, Hamster Face emoji,,,,https://s.w.org/images/core/emoji/13.0.1/svg/1f439.svg,https://www.dictionary.com/e/emoji/hamster-face-emoji/
254,statue-liberty-emoji,üóΩ, Statue of Liberty emoji,,,,https://s.w.org/images/core/emoji/13.0.1/svg/1f5fd.svg,https://www.dictionary.com/e/emoji/statue-liberty-emoji/
255,adult-emoji,üßë, Adult emoji,,,,https://s.w.org/images/core/emoji/13.0.1/svg/1f9d1.svg,https://www.dictionary.com/e/emoji/adult-emoji/
256,busts-silhouette-emoji,üë•, Busts Silhouette emoji,,,,https://s.w.org/images/core/emoji/13.0.1/svg/1f465.svg,https://www.dictionary.com/e/emoji/busts-silhouette-emoji/
257,blue-book-emoji,üìò, Blue Book emoji,,,,https://s.w.org/images/core/emoji/13.0.1/svg/1f4d8.svg,https://www.dictionary.com/e/emoji/blue-book-emoji/
258,two-hearts-emoji,üíï, Two Hearts emoji,,,,https://s.w.org/images/core/emoji/13.0.1/svg/1f495.svg,https://www.dictionary.com/e/emoji/two-hearts-emoji/
259,rolling-floor-laughing-emoji,ü§£, Rolling on Floor Laughing emoji,,,,https://s.w.org/images/core/emoji/13.0.1/svg/1f923.svg,https://www.dictionary.com/e/emoji/rolling-floor-laughing-emoji/
260,t-rex-emoji,ü¶ñ, T-Rex emoji,,,,https://s.w.org/images/core/emoji/13.0.1/svg/1f996.svg,https://www.dictionary.com/e/emoji/t-rex-emoji/
261,loudly-crying-face-emoji,üò≠, Loudly Crying Face emoji,,,,https://s.w.org/images/core/emoji/13.0.1/svg/1f62d.svg,https://www.dictionary.com/e/emoji/loudly-crying-face-emoji/
262,hot-dog-emoji,üå≠, Hot Dog emoji,,,,https://s.w.org/images/core/emoji/13.0.1/svg/1f32d.svg,https://www.dictionary.com/e/emoji/hot-dog-emoji/
263,cherry-blossom-emoji,üå∏, Cherry Blossom emoji,,,,https://s.w.org/images/core/emoji/13.0.1/svg/1f338.svg,https://www.dictionary.com/e/emoji/cherry-blossom-emoji/
264,unicorn-face-emoji,ü¶Ñ, Unicorn Face emoji,,,,https://s.w.org/images/core/emoji/13.0.1/svg/1f984.svg,https://www.dictionary.com/e/emoji/unicorn-face-emoji/
265,banana-emoji,üçå, Banana emoji,,,,https://s.w.org/images/core/emoji/13.0.1/svg/1f34c.svg,https://www.dictionary.com/e/emoji/banana-emoji/
266,circled-ideograph-congratulation-emoji,üàπ, Circled Ideograph Congratulation emoji,,,,https://s.w.org/images/core/emoji/13.0.1/svg/1f239.svg,https://www.dictionary.com/e/emoji/circled-ideograph-congratulation-emoji/
267,beating-heart-emoji,üíì, Beating Heart emoji,,,,https://s.w.org/images/core/emoji/13.0.1/svg/1f493.svg,https://www.dictionary.com/e/emoji/beating-heart-emoji/
268,jeans-emoji,üëñ, Jeans emoji,,,,https://s.w.org/images/core/emoji/13.0.1/svg/1f456.svg,https://www.dictionary.com/e/emoji/jeans-emoji/
269,peach-emoji,üçë, Peach emoji,,,,https://s.w.org/images/core/emoji/13.0.1/svg/1f351.svg,https://www.dictionary.com/e/emoji/peach-emoji/
270,crown-emoji,üëë, Crown emoji,,,,https://s.w.org/images/core/emoji/13.0.1/svg/1f451.svg,https://www.dictionary.com/e/emoji/crown-emoji/
271,emoji-cake,üéÇ, Birthday Cake emoji,,,,https://s.w.org/images/core/emoji/13.0.1/svg/1f382.svg,https://www.dictionary.com/e/emoji/emoji-cake/
272,thumbs-up-emoji,üëç, Thumbs Up emoji,,,,https://s.w.org/images/core/emoji/13.0.1/svg/1f44d.svg,https://www.dictionary.com/e/emoji/thumbs-up-emoji/
273,smiling-face-with-heart-shaped-eyes-emoji,üòç, Smiling Face With Heart-Shaped Eyes emoji,,,,https://s.w.org/images/core/emoji/13.0.1/svg/1f60d.svg,https://www.dictionary.com/e/emoji/smiling-face-with-heart-shaped-eyes-emoji/
274,middle-finger-emoji,üñï, Middle Finger emoji,,,,https://s.w.org/images/core/emoji/13.0.1/svg/1f595.svg,https://www.dictionary.com/e/emoji/middle-finger-emoji/
275,thinking-face-emoji,ü§î, Thinking Face emoji,,,,https://s.w.org/images/core/emoji/13.0.1/svg/1f914.svg,https://www.dictionary.com/e/emoji/thinking-face-emoji/
276,upside-down-face-emoji,üôÉ, Upside-Down Face emoji,,,,https://s.w.org/images/core/emoji/13.0.1/svg/1f643.svg,https://www.dictionary.com/e/emoji/upside-down-face-emoji/
277,ok-hand-or-ok-emoji,üëå, Ok Hand emoji,,,,https://s.w.org/images/core/emoji/13.0.1/svg/1f44c.svg,https://www.dictionary.com/e/emoji/ok-hand-or-ok-emoji/
278,alien-emoji,üëΩ, Alien emoji,,,,https://s.w.org/images/core/emoji/13.0.1/svg/1f47d.svg,https://www.dictionary.com/e/emoji/alien-emoji/
279,grinning-face-with-smiling-eyes-emoji,üòÑ, Grinning Face With Smiling Eyes emoji,,,,https://s.w.org/images/core/emoji/13.0.1/svg/1f604.svg,https://www.dictionary.com/e/emoji/grinning-face-with-smiling-eyes-emoji/
280,nail-polish-emoji,üíÖ, Nail Polish emoji,,,,https://s.w.org/images/core/emoji/13.0.1/svg/1f485.svg,https://www.dictionary.com/e/emoji/nail-polish-emoji/
281,people-with-bunny-ears-emoji,üëØ, People With Bunny Ears emoji,,,,https://s.w.org/images/core/emoji/13.0.1/svg/1f46f.svg,https://www.dictionary.com/e/emoji/people-with-bunny-ears-emoji/
282,person-shrugging-emoji,ü§∑, Person Shrugging emoji,,,,https://s.w.org/images/core/emoji/13.0.1/svg/1f937.svg,https://www.dictionary.com/e/emoji/person-shrugging-emoji/
283,sweat-droplets-emoji,üí¶, Sweat Droplets emoji,,,,https://s.w.org/images/core/emoji/13.0.1/svg/1f4a6.svg,https://www.dictionary.com/e/emoji/sweat-droplets-emoji/
284,winking-face-emoji,üòâ, Winking Face emoji,,,,https://s.w.org/images/core/emoji/13.0.1/svg/1f609.svg,https://www.dictionary.com/e/emoji/winking-face-emoji/
285,eggplant-emoji,üçÜ, Eggplant emoji,,,,https://s.w.org/images/core/emoji/13.0.1/svg/1f346.svg,https://www.dictionary.com/e/emoji/eggplant-emoji/
286,eyes-emoji,üëÄ, Eyes emoji,,,,https://s.w.org/images/core/emoji/13.0.1/svg/1f440.svg,https://www.dictionary.com/e/emoji/eyes-emoji/
287,face-without-mouth-emoji,üò∂, Face Without Mouth emoji,,,,https://s.w.org/images/core/emoji/13.0.1/svg/1f636.svg,https://www.dictionary.com/e/emoji/face-without-mouth-emoji/
288,face-with-rolling-eyes-emoji,üôÑ, Face With Rolling Eyes emoji,,,,https://s.w.org/images/core/emoji/13.0.1/svg/1f644.svg,https://www.dictionary.com/e/emoji/face-with-rolling-eyes-emoji/
289,face-with-tears-of-joy-emoji,üòÇ, Face With Tears of Joy emoji,,,,https://s.w.org/images/core/emoji/13.0.1/svg/1f602.svg,https://www.dictionary.com/e/emoji/face-with-tears-of-joy-emoji/
290,fire-emoji,üî•, Fire emoji,,,,https://s.w.org/images/core/emoji/13.0.1/svg/1f525.svg,https://www.dictionary.com/e/emoji/fire-emoji/
291,folded-hands-emoji,üôè, Folded Hands emoji,,,,https://s.w.org/images/core/emoji/13.0.1/svg/1f64f.svg,https://www.dictionary.com/e/emoji/folded-hands-emoji/
292,goat-emoji,üêê, Goat emoji,,,,https://s.w.org/images/core/emoji/13.0.1/svg/1f410.svg,https://www.dictionary.com/e/emoji/goat-emoji/
